DisplayName,MAC Addr,RSSI,Last Updated,iBeacon flag,Proximity UUID,major,minor,TxPower
Kontakt,CB:42:69:CE:8C:14,-85,2014-05-30 09:18:29.964,true,F7826DA6-4FA2-4E98-8024-BC5B71E0893E,56762,64482,-77
Kontakt,C0:36:4C:60:FB:7A,-89,2014-05-30 09:18:29.965,true,F7826DA6-4FA2-4E98-8024-BC5B71E0893E,30854,62232,-77
Kontakt,E8:66:CA:46:29:D9,-89,2014-05-30 09:18:30.050,true,F7826DA6-4FA2-4E98-8024-BC5B71E0893E,49822,25644,-77
Kontakt,C0:80:69:E4:96:80,-90,2014-05-30 09:18:29.648,true,F7826DA6-4FA2-4E98-8024-BC5B71E0893E,58440,31656,-77
Kontakt,C4:02:3E:D6:FB:17,-94,2014-05-30 09:18:27.632,true,F7826DA6-4FA2-4E98-8024-BC5B71E0893E,29889,5977,-77
