DisplayName,MAC Addr,RSSI,Last Updated,iBeacon flag,Proximity UUID,major,minor,TxPower
Kontakt,E8:66:CA:46:29:D9,-79,2014-05-30 09:21:31.261,true,F7826DA6-4FA2-4E98-8024-BC5B71E0893E,49822,25644,-77
Kontakt,C0:80:69:E4:96:80,-83,2014-05-30 09:21:31.654,true,F7826DA6-4FA2-4E98-8024-BC5B71E0893E,58440,31656,-77
Kontakt,CB:42:69:CE:8C:14,-84,2014-05-30 09:21:31.584,true,F7826DA6-4FA2-4E98-8024-BC5B71E0893E,56762,64482,-77
Kontakt,C4:02:3E:D6:FB:17,-90,2014-05-30 09:21:31.514,true,F7826DA6-4FA2-4E98-8024-BC5B71E0893E,29889,5977,-77
Kontakt,C0:36:4C:60:FB:7A,-92,2014-05-30 09:21:31.261,true,F7826DA6-4FA2-4E98-8024-BC5B71E0893E,30854,62232,-77
