DisplayName,MAC Addr,RSSI,Last Updated,iBeacon flag,Proximity UUID,major,minor,TxPower
Kontakt,E8:66:CA:46:29:D9,-80,2014-05-30 09:19:45.922,true,F7826DA6-4FA2-4E98-8024-BC5B71E0893E,49822,25644,-77
Kontakt,C0:80:69:E4:96:80,-83,2014-05-30 09:19:45.922,true,F7826DA6-4FA2-4E98-8024-BC5B71E0893E,58440,31656,-77
Kontakt,C4:02:3E:D6:FB:17,-86,2014-05-30 09:19:45.671,true,F7826DA6-4FA2-4E98-8024-BC5B71E0893E,29889,5977,-77
Kontakt,C0:36:4C:60:FB:7A,-91,2014-05-30 09:19:45.862,true,F7826DA6-4FA2-4E98-8024-BC5B71E0893E,30854,62232,-77
Kontakt,CB:42:69:CE:8C:14,-92,2014-05-30 09:19:45.612,true,F7826DA6-4FA2-4E98-8024-BC5B71E0893E,56762,64482,-77
