DisplayName,MAC Addr,RSSI,Last Updated,iBeacon flag,Proximity UUID,major,minor,TxPower
Kontakt,C0:80:69:E4:96:80,-79,2014-05-30 09:16:25.350,true,F7826DA6-4FA2-4E98-8024-BC5B71E0893E,58440,31656,-77
Kontakt,E8:66:CA:46:29:D9,-81,2014-05-30 09:16:26.168,true,F7826DA6-4FA2-4E98-8024-BC5B71E0893E,49822,25644,-77
Kontakt,CB:42:69:CE:8C:14,-84,2014-05-30 09:16:26.109,true,F7826DA6-4FA2-4E98-8024-BC5B71E0893E,56762,64482,-77
Kontakt,C0:36:4C:60:FB:7A,-88,2014-05-30 09:16:25.804,true,F7826DA6-4FA2-4E98-8024-BC5B71E0893E,30854,62232,-77
Kontakt,C4:02:3E:D6:FB:17,-92,2014-05-30 09:16:26.253,true,F7826DA6-4FA2-4E98-8024-BC5B71E0893E,29889,5977,-77
